{
  "Total" : {
    "transaction" : "Total",
    "sampleCount" : 41,
    "errorCount" : 21,
    "errorPct" : 51.219513,
    "meanResTime" : 4170.7317073170725,
    "medianResTime" : 3050.0,
    "minResTime" : 1762.0,
    "maxResTime" : 7167.0,
    "pct1ResTime" : 7039.400000000001,
    "pct2ResTime" : 7113.3,
    "pct3ResTime" : 7167.0,
    "throughput" : 4.012919643731037,
    "receivedKBytesPerSec" : 690.4781476338455,
    "sentKBytesPerSec" : 0.4721756631105021
  },
  "JSON Placeholder API" : {
    "transaction" : "JSON Placeholder API",
    "sampleCount" : 1,
    "errorCount" : 0,
    "errorPct" : 0.0,
    "meanResTime" : 1762.0,
    "medianResTime" : 1762.0,
    "minResTime" : 1762.0,
    "maxResTime" : 1762.0,
    "pct1ResTime" : 1762.0,
    "pct2ResTime" : 1762.0,
    "pct3ResTime" : 1762.0,
    "throughput" : 0.5675368898978433,
    "receivedKBytesPerSec" : 0.5758504185584563,
    "sentKBytesPerSec" : 0.07759293416572077
  },
  "Altium Store" : {
    "transaction" : "Altium Store",
    "sampleCount" : 20,
    "errorCount" : 20,
    "errorPct" : 100.0,
    "meanResTime" : 5918.9,
    "medianResTime" : 6337.0,
    "minResTime" : 4499.0,
    "maxResTime" : 7167.0,
    "pct1ResTime" : 7113.3,
    "pct2ResTime" : 7164.35,
    "pct3ResTime" : 7167.0,
    "throughput" : 2.770466823659787,
    "receivedKBytesPerSec" : 756.7260928192962,
    "sentKBytesPerSec" : 0.3273696149051115
  },
  "Altium" : {
    "transaction" : "Altium",
    "sampleCount" : 20,
    "errorCount" : 1,
    "errorPct" : 5.0,
    "meanResTime" : 2543.0000000000005,
    "medianResTime" : 2590.5,
    "minResTime" : 1994.0,
    "maxResTime" : 3050.0,
    "pct1ResTime" : 2968.3,
    "pct2ResTime" : 3046.35,
    "pct3ResTime" : 3050.0,
    "throughput" : 6.230529595015576,
    "receivedKBytesPerSec" : 495.574742017134,
    "sentKBytesPerSec" : 0.7240556853582555
  }
}